gene,Nanog_E14_enriched,Nanog_OKO160_enriched
Snx10,3100,3100
Irs2,3100,3100
Foxb1,3100,2186.44
Cobll1,3100,3100
Pth2r,3100,3059.72
Mgmt,1426.01,3100
Zeb2,1619.61,3100
Mtap2,3100,3100
Irx1,3100,3100
Ptbp2,2332.21,2164.37
Tars2,3100,3100
Fam38b,2469.7,2552.6
Ythdf3,1869.66,3100
Oca2,3100,3100
Kcnq3,3100,399.5
Cxcl13,2072.14,3100
Kdr,3100,3100
Rasgrf2,3100,3043.42
Zadh2,3100,2045.04
4930555F03Rik,1697.87,3100
Gramd3,614.15,1173.15
Ada,3100,3100
Trim67,2340.77,3100
Grin2b,1020.45,3100
Scnn1b,1765.95,2182.56
B020018G12Rik,1778.54,3100
Huwe1,3100,2422.38
Alppl2,2697.96,3100
Prdm4,1039.07,3100
Osmr,3100,745.17
Gabrb3,3100,3100
Taar7f,1220.89,3100
Pard6g,680.23,3100
Atoh1,3100,2213.67
Kirrel3,2796.38,3100
Cast,1340.49,3100
Chrm3,1298.31,3100
Zpld1,1021.85,2173.56
Fstl4,839.23,3100
Odz4,1760.45,1840.19
Snx16,999.38,1230.29
4930452B06Rik,3100,3100
Clybl,3100,1682.07
Kcnk15,2337.18,1185.88
Atg10,1812.16,3100
Celf4,2803.59,3100
Chst15,1841.4,1093.4
Pxmp3,1108.36,3100
Pth2r,589.02,1246.63
Pid1,3100,3100
Thsd7a,2256.77,1378.59
Ccr6,967.34,1044.4
Zfp608,1463.93,858.94
Col11a1,866.71,3105.75
Gm5506,1760.26,3100
Cbln4,1532.52,3100
Zfp831,2511.88,3100
Klhl13,1942.32,3100
Bcat1,1436.19,2783.6
Dync1i2,3116.54,1956.22
Edn1,521.75,3100
Dclk1,666.27,2702.84
Syt13,2515.85,2477.07
1810012P15Rik,1804.57,2027.98
1700018B24Rik,1683.11,3101.2
Fgfr2,1116.42,3100
Ext1,539.48,3100
Mid1ip1,2145.31,3100
Adamts9,1443.94,2562.12
Myom2,635.3,3100
Lrrtm4,3100,3100
Gm9989,1562.93,1327.13
Sema5a,2813.9,463.41
Lypd6,445.12,3100
Gm17316,3100,3024.59
Myo3a,3100,1181.29
Rchy1,2243.63,1135.44
Dpp10,1929.39,2505.71
Lmo4,1490.84,1679.77
Has2,1162.17,1331.16
Adra1a,934.55,974.46
Nars2,3100,1890.27
Ccdc85a,2593.69,1768.96
Cachd1,2264.96,761.47
Trpm3,671.37,3100
Mab21l2,3100,2346.45
Arfgap2,1581.58,1668.57
B230118H07Rik,1002.83,1663.12
Pde10a,947.43,1655.49
Dtna,3100,3100
Gm9343,2723.66,2693.03
Tex2,2257.43,1045.22
Plxna4,1745.67,387.17
Htr5a,1174.69,3149.32
Zfp677,1049.27,3100
Gm10955,3100,2289.14
Pkhd1,873.13,1382.01
2610008E11Rik,556.06,1210.48
Odz2,2818.37,1532.13
Snhg11,1469.94,272.43
Pip5k1b,1191.8,3100
Frmd4a,800.77,3100
Zpld1,2937.44,2217.82
Lsm14a,2601.38,2201.29
Acpp,2319.2,1275.13
Pappa,3100,310.32
Rabgap1l,3100,3100
Cep152,1174.22,2182.39
Moxd1,3100,3100
Dsel,2024.55,3100
B130024G19Rik,1144.71,2755.12
Egflam,1024.94,2482.29
Zfp608,3148.04,3100
Trp63,3100,1419.03
Gm8394,2835.92,1411.34
Sh3bgrl,1125.48,986.2
Pxmp3,662.16,481.66
Xylt1,417.25,3100
Wdr11,1616.61,3057.17
Gm1840,1263.47,2659.56
Myc,795.28,2404.91
Jakmip2,3100,2240.99
Nov,3100,949.34
Iapp,2132.64,758.74
Cps1,2067.42,2947.84
Abca4,1208.7,1902.9
8430410K20Rik,785.02,794.13
Pik3c3,739.41,3100
Cntnap5a,663.36,3100
Zfp677,3100,2835.99
Cdh12,3100,2204.16
Gm10063,3100,2099.17
Zfp161,2790.85,1958.54
Trpc6,2718.16,1802.11
Gm9008,1487.99,1512.55
Pld1,1152.93,857.47
Ocm,808.6,735.49
Lce6a,785.19,728.24
AW146020,3152.18,3100
Hs6st2,3100,3100
Kcna4,3100,3100
Prr23a,1440.51,2810.28
Gm11111,475.8,3100
Rnf217,3072.71,3100
Zfpm2,2866.87,3100
Rfwd2,2836.83,2628.52
Cdx4,2808.5,2253.88
Pilrb2,2792.08,2057.16
Apol7d,1593.71,1695.08
Ppp1r9a,981.93,1544.02
Eftud1,795.46,1306.47
Csmd3,3203.92,669.41
Sgip1,3122.28,3100
Frem3,1738.7,3100
Chd9,1704.71,1654.27
Gm17394,1411.16,1603.23
Ppp4r4,654.72,2790.55
Iqsec2,444.6,2599.47
Olfr576,351.52,1825.22
Myo10,1495.97,1729.23
Tnfsf4,1255.9,1640.87
2410076I21Rik,1084.91,915.46
Ap1s3,1019.76,3100
Dkk2,514.16,1392.73
Cdh12,472.3,1079.94
Utrn,3100,743.62
Scg2,3100,3100
Mcph1,2500.13,2083.69
Copa,2468.78,924.95
Tbl1x,1841.77,3100
Mid1,1324.97,3100
Grik2,944.03,3100
Cdh8,711.56,3100
Mamdc2,685.96,2784.09
Gm4392,362.12,2079.44
Egflam,3065.86,1724.73
Zbtb40,1797.35,3100
Bet1,1089.55,3100
Gm17459,3208.09,3024.48
Atp8a1,1743.47,2788.77
Pdzrn3,1370.06,2477.43
Kcnip2,1228.1,2120.86
Hivep2,1176.46,1738.39
Efnb2,1128.19,1668.94
Erbb4,1088.16,1282.37
Zfp462,672.57,1199.08
Rabl2,410.75,3100
Zfp608,3100,3100
Dnahc5,3100,3100
Fam108c,2583.33,3100
Rnf44,1754.31,3039.96
Lyzl1,1333.1,2618.07
Unc5d,1300.58,956.14
Foxk1,1248.48,941.1
Sh3bp4,1038.17,3100
Gdpd4,937,3100
Dnajb11,730.05,3100
Plch1,706.71,2770.19
Frmd7,312.61,2466.22
Lypd6,207.71,1165.2
Fam55b,2264.25,901.01
BC026585,2094.51,528.52
Inhba,1359.47,3222.27
Gm606,1152.65,3100
Cdh10,1024.83,3100
Mas1,740.91,3100
Gm17684,731.7,2920.38
Vstm2b,425.41,2151.63
Arrdc1,251.46,1910.23
Zfp608,2440.5,1590.51
Oxr1,1744.31,1493.23
Atg4a,1622.6,1488.18
Arhgef26,1121.95,1037.56
Lhx5,503.81,842.6
Nkain3,499.13,831.55
Asb13,246.19,724.58
Nrxn3,3100,3100
Vip,3100,3100
Vmn1r226,2288.64,3100
Speer2,1895.56,3100
Lmcd1,1546.24,3100
Pamr1,1312.44,3100
Klhl13,1256.95,3100
Pcdh18,1024.11,3100
A2ld1,2326.26,2179.83
Gm9966,2136.82,1967.94
Cenpc1,1830.97,1683.12
Snx5,1725.45,1625.31
Zfyve9,1624.86,1514.34
Tmem90b,1278.39,676.33
Rnf144b,1002.37,624.93
Bcl2,980.1,3100
Ephb1,485.27,3100
Hdac2,3100,3100
Gm10192,3100,3100
Pth2r,3100,3100
Thsd4,3100,3100
Armc6,3100,3100
Ets1,3009.06,3001.45
App,2039.76,2864.83
4930423O20Rik,1711.01,2405.1
Fkbp6,1642.07,1996.63
Vmn2r120,1595.53,1230.15
Olfr18,965.77,1120.57
Gm5848,784.96,762.24
G6pd2,729.96,731.53
Prom1,618.78,622.84
Pcdh18,491.37,3100
Soat1,331.37,3100
B9d2,169.99,3100
Nkain3,2947.85,2205.78
Gm8730,2443.84,2178.42
Cdh9,2291.37,1482.69
Tas1r2,2172.64,938.62
Agbl1,2158.83,823.55
Rims1,1911.97,132.15
D630036H23Rik,1840.57,3100
1700018B24Rik,1427.18,2749.91
Bdnf,1174.13,2692.71
Bcl9,1147.84,2649.79
Sclt1,1092.41,2535.35
Gm9898,813.47,1239.54
Ptprm,594.7,885.57
Impg2,533.24,3100
Lypd6b,3100,3100
Macrod2,3100,3100
AI317395,2504.49,3100
Lrrc47,1889.15,1278.79
Manea,1342.92,992.32
Lrrtm4,3100,598.13
Luzp2,3100,3100
Ier3,1689.59,3100
Scn2a1,1591.57,3100
Pip5k1b,1381.26,3100
Wls,893.94,2037.92
Hax1,3100,1207.49
2210407C18Rik,2931.35,1138.48
Ntrk3,1634.42,931.09
Celf2,1284.08,3183.31
Spag16,1148.09,3100
Tal2,935.13,3100
Elac2,872.5,2626.41
Eya1,708.47,2274.15
Rnf44,704.67,1989.71
Gbe1,548.67,1147.85
1700047G07Rik,484.13,1113.84
Gm1968,484.07,3100
Zfp770,467.23,3100
Gm17570,418.91,3100
Fkbp1a,384.26,2200.89
Gm5506,371.5,1620.57
Dlk1,368.85,1385.07
1600027N09Rik,2488.31,1229.28
Gm2058,2470.93,1114.12
6330527O06Rik,2308.13,895.26
Sema6a,1613.52,774.92
Rspo3,1610.24,3100
Megf11,1578.43,3100
Tmeff2,1472.48,3100
Nt5c1b,1215.08,3100
Fam38a,909.6,3100
Adcyap1,850.6,2900.39
Odz2,765.86,2893.37
Camk4,745.33,2729.29
C230029F24Rik,611.62,1847.65
Gm5507,580.18,1535.22
Amd2,3100,3100
Grm6,1771.33,3100
Kctd16,1661.22,3100
Lphn3,1327.3,3100
Plce1,1292.34,3100
Pcca,1220.82,3100
Cyp4f15,1055.07,2831.06
Amd2,809.07,2763.94
Fmn1,790.33,2449.7
Mad2l1,773.61,2446.23
Frmd5,637.13,1953.28
Pde6h,354.65,1486.68
Lyzl4,308.88,1330.11
Prpf4b,3132.09,1183.22
Adcyap1r1,3100,968.49
Kdm6b,2569.98,948.45
Rap1gds1,2082.02,3100
Nat1,1836.91,3100
Satb2,1711.35,3100
Zwint,1684.73,3100
Rims2,1634.04,3100
Diap2,1249.24,2762.64
Greb1l,949.95,2303.54
Gm17618,920.87,2235.23
Cib2,919.2,2019.21
1110067D22Rik,825.57,1838.9
Gm5965,809.07,1709.83
Spred2,671,1683.29
F830104G03Rik,398.4,1651.44
Zfp36l2,191.39,991.75
Ercc3,2400.61,125.96
Foxq1,1937.6,3100
Efnb2,1788.86,3057.08
Olfr328,1750.55,2678
Park2,1540.09,2505.97
Maf,1114.96,2362.87
Stk25,1058.91,2310.36
Yipf6,911.88,2106.99
Hs3st5,817.91,1745.96
Arsj,639.88,1260.37
Ptprd,622.73,1253.03
Fggy,394.51,167.23
Mt4,339.43,3100
Mrpl37,236.35,3100
Cited2,3100,3100
Gm6741,1687.74,3100
3100002H09Rik,1614.02,3081.56
Sorbs2,1426.79,2919.26
Odz3,1416.29,2550.74
Olfr224,923.9,2540.52
Grin2a,738.57,2180.79
Gm8181,666.77,1818.46
Fras1,538.24,1624.65
Prkch,498.24,1291.18
Glis3,485.44,3100
Sdk1,434.61,3100
Tmem55a,417.24,3100
Rgmb,376.12,3100
Lcp2,313.34,3100
Grin2b,3100,3100
Eef2k,3100,3100
Mcts1,2717.45,2657.86
Rps6kc1,2562.2,2654.14
Slc8a1,1827.25,2358.68
B930007M17Rik,1778.97,1943.52
Svip,1743.17,1861.21
Kif26b,1687.24,1824.13
Dhx40,1366.33,1586.19
Ankrd50,866.44,1173.23
3110043O21Rik,847.8,673.58
Chd1,712.94,579.69
Chrm2,634.55,3100
Slc28a3,617.49,3100
Jam3,615.3,3100
Arhgap21,592.21,3100
Rapgef4,514,2223.22
Hoxb1,252.38,1675.22
Odz3,3100,1632.43
Dmd,2483.63,1284.45
Klf4,1577.16,1102.11
Ncald,1560.06,996.9
Slco1c1,1516.16,983.2
C1galt1,1120.29,755.74
Cntnap5b,935.08,3137.85
Gm16223,388.18,3100
Dscam,3100,3100
Gapvd1,3100,3100
Mapkapk2,2818.11,2545.3
Fbxl7,2038.12,2301.77
Pi15,1714.35,2041.17
Asb9,1502.75,1925.5
Adamts17,963.57,1894.85
Kirrel3,908.41,1582.05
Ppm1h,843.85,1555.32
Tbx3,815.94,1044.3
Setbp1,715.53,937.68
Ifngr1,641.98,3100
Gramd3,551.96,3100
Ndst4,347.68,3100
Drd1a,338.44,3100
Gm5407,3100,3100
Ext1,3100,2930.84
4930529M08Rik,3100,2488.58
Lrrtm3,3100,2272.33
Sft2d2,3100,2079.45
Gabrg3,1685.28,1453.46
Plekha1,1665.03,1195.36
Cetn3,1476.26,965.77
Ccl20,1367.45,892.35
Amy2a5,1233.66,706.55
Tsn,1166.75,356.05
Hand2,1079.32,3100
Hrh4,917.91,3100
Shisa6,892.37,3100
Gm9966,639.11,3100
Rgma,504.62,3100
Ghitm,3100,3100
Cdkn3,3100,3100
Fgfr1,3100,3100
Mfap1b,3100,3100
Ambp,2155.29,3100
Anxa10,1583.43,3100
Lsamp,1541.06,2775.24
Gm6133,1414.16,2767.33
Epha5,1143.09,2719.99
Ptpre,1056.37,2098.05
Coro1b,1053.12,1712.65
C030019I05Rik,991.13,1646.21
Tusc1,937.35,1446.7
Ngf,923.03,1305.65
Fbxl4,752.91,1196.24
Npy,674.92,823.68
Fibin,342.56,517.8
Prkar1b,281.38,3100
Med27,3210.01,3100
Zfp608,3100,3100
Slc39a10,3100,3100
Mrpl39,3100,3100
Vcl,3100,2958.72
Olfr1163,2779.27,2810.83
Ldlrad3,2603.64,2387.07
Gp49a,2496.87,2032.33
Tmtc1,2156.8,1989.79
Pde10a,1467.46,1903.45
Adamts5,1460.08,1788.61
Rpl10l,1359.7,1629.83
Hccs,883.58,1419.68
Cdh7,828.04,1338.04
Kcnq3,636.47,1103.16
Adamts1,596.1,1063.9
Tmem2,547.3,871.23
D130062J21Rik,536.99,575.59
Gm10828,461.94,477.53
Ddx58,445.89,438.61
Bicd1,376.43,435.98
Nsg2,3100,3100
Uspl1,3100,3100
Spata6,2856.15,3100
Gm4951,2517.17,3100
A930017M01Rik,2335.65,2864.29
Sulf1,2255.74,2683.04
Gm17492,1726.06,1812.66
Sap130,1431.89,1436.13
Rundc3a,1321.7,1427.62
Fam49b,952.09,1223.61
Pcdh15,896.33,951.41
Fzd8,892.57,871.22
Lphn3,806,785.76
Maf,565.26,529.96
Hrh1,416.82,3100
Fam19a2,380.03,3100
Ces2b,344.79,3100
Pde1b,198.1,3100
Dhx35,3148.39,3014.61
Lsm5,2295.19,2399.37
Tmem135,1929.81,1999.19
Cdk5rap2,1486.75,1809.11
Scg2,1120.73,1658.49
Gm9797,980.4,1488.83
D19Bwg1357e,915.78,1316.72
Ofcc1,852.68,1132.58
Csn2,789.78,3100
Speer2,704,3100
Pik3c3,674.2,3088.09
Sidt1,657.45,2865.12
Olfr960,582.07,2504.17
Vdac2,523.17,2476.18
Arhgap20,474.65,2317.74
Ptpru,415.29,2164.05
Pgrmc2,401.71,2132.84
Glra3,359.29,1749.19
Slc6a12,304.14,1669.28
1700019A02Rik,3205.84,1657.56
Tbc1d7,3100,1508.91
Mamdc2,3100,1374.59
Gria1,3100,1147.46
Gm17649,3100,916.4
Olfr530,3100,894.52
Fars2,2660.26,879.94
Alg10b,2317.63,783.95
Emx2,2143.97,663.69
Gm6996,2090.08,466.65
Zfp618,1717.13,465.29
Scgn,1697.3,3100
Agap3,1638.62,3100
Tbl1x,1573.76,3100
Zpld1,1216.58,3100
Inadl,1119.15,3100
Hccs,1004.84,3100
Ppp1r12a,958.78,2950.97
Gm6133,762.04,2412.71
9430070O13Rik,756,1649.29
St3gal3,714.42,1287.73
Car10,688.83,748.61
1110003E01Rik,433.37,671.12
Pou3f2,406.96,665.48
Sftpd,403.29,560.3
Efha2,278.98,134.12
Rps6ka2,260.94,3100
Zfp608,3100,3100
Wdr91,3100,3100
Gm9797,3100,3100
Fam135b,2304.79,3100
Rims1,2082.65,3100
Gm6576,1708.09,2988.51
Unc5d,1622.03,2768.32
Pou3f1,1397.18,1630.35
Cdh10,1333.19,1508.22
Sema3e,1112.39,1400.25
Cdc73,1005.87,1365.62
Ppp1r3c,985.78,762.51
Gm11016,928.91,741.33
Efna5,846.2,545.26
Tmprss15,710,311
Cps1,692.5,293.22
Ets1,663.18,171.9
Prdm10,658.94,3100
1700018B24Rik,639.02,3100
Sh3bp4,590.55,3100
Lipc,579.17,3100
Epha6,570.83,3100
Mbnl1,561.52,3067.77
Bcas3,546.46,2196.18
Rnf180,422.09,2187.92
Utp18,350.09,2013.37
Gm5528,295.06,1771.31
Bcar1,275.43,1235.9
Mob4,216.77,644.03
Gm17312,3100,585
Wdr47,3100,336.21
Slc2a9,3100,300.94
Rad23b,3100,262.91
Sorbs2,2718.65,3100
Irx1,2535.65,3100
Gm16478,2064.24,3100
Stk4,1718.41,3100
Rdh10,1637.14,3100
Gm9966,1353.66,2601.78
Arid2,1339.99,2460.29
Rerg,560.84,2145.39
Ccl9,558.47,1797.59
Wnt5a,527.11,1689.23
Kdm2b,449.02,1464.5
Dusp4,364.64,1371.49
4933409G03Rik,3100,1317.91
Gm13271,3100,1295.11
Khdrbs3,3100,1261.82
Lrp1b,3100,1105.07
Mpdz,3100,978.85
Zdhhc14,2876.45,901.1
Megf10,2791.88,777.23
Clvs1,2467.75,713.82
Grm3,2073.89,513.82
Hsd17b3,1864.05,460.45
Epha3,1841.95,188.16
Chst1,1802.52,3150.63
Sntn,1772.06,3100
Xylt1,1734.36,3100
Nrxn3,1667.88,3100
Ccdc18,1330.59,3100
Barx2,1097.37,3100
Cntnap5a,1093.13,3100
Gnao1,848.91,3100
Fam49a,746.7,3100
4930546C10Rik,689.16,3100
Ets1,658.51,3100
Olfr127,640.58,3100
Fgf13,607.44,3100
Npy,574.34,3024.64
Mcc,571.28,2383.92
Efna5,494.15,1755.75
Rpf1,334.9,1723.19
F13a1,333.78,1645.05
Fez1,85.57,1237.39
Cadm1,3100,1233.98
Sumf1,3100,1143.87
Kcna4,3100,946.35
D19Bwg1357e,2612.6,884.16
Kcnma1,2305.4,852.44
Csmd3,2194.68,802.04
D830039M14Rik,1932.41,678.7
Lamb1,1463.9,527.47
Rdh10,977.87,450.13
Fam190a,968.93,422.81
Gli3,952,3105.38
Frmpd4,935.14,3100
Sort1,756.86,3100
Rtn1,718.06,3100
Crisp1,501.24,3100
Kcnj1,488.82,2825.94
Gm2058,487.6,2745.94
Atg7,337.51,2034.92
Olfr616,256.24,1264.92
Aldh7a1,3100,1160.6
Pid1,3100,1130.65
Cntn5,3100,1041.87
Psmd7,2990,973.7
Pdgfd,2950.4,936.17
Tspan2,2892.65,3100
Cxcl13,2206.4,3100
Rps3a,1971.26,3100
Vrk2,1955.24,3100
Tmeff2,1585.42,3100
Ctbp2,1565.25,3100
Gm9733,1446.17,3100
Parm1,1375.72,3064.3
Ninl,1047.08,3060.09
Rad23b,1035.29,3015.15
Bcl2,991.26,2718.82
Fbxw26,951.59,2660.3
Gucy1a2,937.32,2607.18
Psapl1,769.78,2480.94
Edem1,767.88,2358.17
2610018G03Rik,620.25,2073.62
Pon1,529.18,2014.85
Efnb2,496.06,1851.44
Rpl13a-ps1,486.11,1724.31
Sntg1,453.12,1626.02
Olfr1402,444.21,1504.86
Khdrbs3,322.97,1496.09
Rhod,126.22,1123.88
Ccl1,3217.26,905.98
Park2,3148.92,889.96
Atp10a,3100,864.12
Enc1,3100,652.29
1110021L09Rik,3100,504.83
Slc8a1,3100,241.06
Wls,2903.54,3177.22
Ofcc1,2871.78,3100
Naa30,2616.33,3100
Heph,2434.11,3100
1110032A04Rik,2039.58,3100
9430031J16Rik,1685.08,3100
Ppp3ca,1533.16,3100
Ins1,1287.59,3100
Grin3a,1204.62,3100
Gm9008,1177.66,3100
Tox3,1128.88,3100
Col4a2,1037.8,3100
Gm7854,950.51,3100
Frmpd4,910.47,2532.93
Ctbp2,825.6,2339.38
Hs3st2,804.01,2165.96
Cps1,710.76,1729.77
Pcdh18,658.85,1705.94
Wbscr17,654.01,1666.7
St8sia3,569.66,1465.69
2410004P03Rik,393.99,1453.39
Kank1,391.53,1196.38
Olfr1028,388.93,1119.18
Itpr1,384.65,936.8
Cd36,376.06,734.84
Chrna7,325.93,353.38
Cacnb2,271.36,126.38
Hdac4,215.63,3197.67
Cdkn2aipnl,203.73,3149.15
Spock2,203.42,3100
Sorbs2,3100,3100
Gm17359,3100,3100
Mbnl1,3100,3100
Txndc16,3043.12,3100
Tnf,2946.45,3100
Cadm1,2803.68,3100
Cyyr1,2516.79,3100
Map3k7,2187.99,3100
Ces5a,2087.58,3100
Zfp536,1987.82,3100
Efnb2,1339.13,3100
Ankrd61,1311.46,2722.77
Mtap2,1293.72,2647.18
Nppc,1156.43,2584.36
Gm10188,1075.81,2197.97
Dmrtb1,1021.38,2083.41
Bmp7,902.45,1919.19
Slc2a12,779.93,1871.05
Fam38b,730.6,1870.21
Mtmr2,729.07,1768.88
Snx29,703.36,1676.48
Atxn7l3b,686.59,1484.67
Cda,653.19,948.84
Tiam2,637.52,737.39
Fshr,598.8,634.15
Olfm3,596.66,579.03
Top2b,559.55,266.48
Gnb1l,506.29,3100
Pitx2,450.29,3100
4931408C20Rik,334.89,3100
Nnmt,280.83,3100
1810012P15Rik,160.63,3100
Cadm2,3149.36,3100
AI504432,3100,3100
Cntn5,3100,3100
Edn1,3100,2902.59
Rbms1,3100,2659.94
A530053G22Rik,3100,2597.17
Nxph1,2922.01,2196.01
Enpp2,2691.55,1944.76
4922501C03Rik,2460.93,1736.74
Smgc,2440.25,1702.06
Igfbpl1,2097.32,1701.03
Casp1,2068.23,1583.73
Rims4,1892.05,1336.08
Cntnap4,1857.28,1280.35
Atp6v1g3,1853.81,1152.21
Csmd1,1743.6,1081.78
Best3,1600.18,875.1
Tek,1515.23,793.12
Dab1,1334.17,690.55
Srp14,1332.53,678.86
Cpn2,1223.96,544.1
Pou3f2,1169.94,502.44
Hdac8,1081.61,479.45
Jam3,1042.25,372.76
Plxna2,994.21,370.82
Gm9966,942.5,87.09
Rbbp8,893.38,3100
Cdh8,859.99,3100
Eya1,782.34,3100
Gm11492,541.09,3100
Cdc7,416.08,3100
Tle3,316.85,3100
Slc10a4,282.49,3100
Prss8,173.9,3100
Defb18,3100,3100
Eif2b3,3100,3100
3110009E18Rik,2763.37,3100
Rufy3,2264.03,2978.16
Ddx18,2082.51,2875.42
Tmem229a,1865.5,2484.85
Fam92a,1749.71,2447.4
Wwox,1710.77,2240.07
Svep1,1679.22,2062.65
Dydc2,1399.96,2038.86
Mina,1357.21,1877.69
Etaa1,1335.08,1837.66
Tpm1,1191.56,1602.52
Gm4987,1190.65,1512.68
A2ld1,1077.81,1492.82
4930548G14Rik,1021.26,1253.19
Pon2,960.85,1194.56
Setbp1,913.91,1149.59
Zkscan6,873.26,997.94
Pawr,871.14,959.94
Zc3h12d,832.95,923.02
Pth2r,749.79,752.3
Olfr959,662.13,750.89
Grhl2,467.21,702.52
Eltd1,383.18,674.19
Foxc2,319.19,589.89
Gm15319,304.79,570.14
Cep170,277.08,516.24
5330438I03Rik,226.57,425
Cntnap5b,3224.03,326.3
Col8a1,3100,3203.52
1700112E06Rik,3100,3100
Olfm3,3100,3100
Rac2,3100,3100
Penk,3100,3100
Nell1,2550.13,3060.9
Mex3c,2253.64,2967.47
Ins1,1809.78,2646.73
Kcnmb1,1751.93,2535.74
Emp1,1553.58,2489.15
Kcnn3,1498.24,2304.48
Nxt1,1333.04,2302.97
Sh2d4b,1180.33,805.88
Sec61b,1103.11,719.18
Dtna,1007.83,621.94
Thsd4,964.71,617.3
Jazf1,867.03,593.07
Adh6a,768.31,546.71
Ccdc50,761.68,500.82
Wbscr17,682.98,476.78
Acvr1,654.48,460.38
Camk1g,586.84,352.2
Gm5258,499.46,215.46
Gm9930,497.48,100.54
1300010F03Rik,476.65,3203.69
Vav3,451.89,3100
9130404H23Rik,411.26,3100
Nr3c2,319.88,3100
Kcnj5,318.57,3100
Ccin,149.02,3100
Gcsh,113.56,3100
Rnf20,105.36,3061.43
Vwc2l,3100,2851.92
Abca13,3100,2755.61
Zfp609,3100,2365.26
Herc1,3100,2281.49
Fam135b,3100,1986.24
Gm10295,3100,1773
Mcph1,3100,1737.52
Erbb4,2761.46,1611.58
Dync1i2,2326.8,1487.52
Pclo,2074.17,1388.35
Ext1,1243.79,1365.89
BC030500,1224.49,1143.21
Incenp,1157.72,1092.84
Sntg1,1081.57,1060.81
Efnb2,1073.49,1050.91
Amigo2,1060.08,731.11
Atf6,1018.9,648.75
2610017I09Rik,929.82,625.77
Cryl1,875.63,541.97
Gm7263,852.77,193.12
Runx1t1,806.4,163.63
Celf2,601.84,3165.85
Cdh18,572.06,3144.79
Trim29,571.65,3100
4922505E12Rik,530.55,3100
Phactr3,521.66,3100
Atic,518.38,3100
Ipcef1,518.06,3100
Tmcc3,453.77,3100
1600014C10Rik,440.79,3100
Hormad2,323.32,3100
Radil,236.58,3080.74
Khdrbs3,203.16,3026.01
Ptprm,188.84,2988.74
4922505E12Rik,171.24,2960.04
Uty,153.56,2771.73
Il7,3205.98,2676.7
Lrrtm4,3100,2673.81
Nr2e3,2263.45,2426.68
Tnc,1997.71,2316.96
Gm815,1673.92,2270.59
Cntnap5b,1503.48,1816.75
Cetn1,1501.21,1590.97
Mtss1,1426.02,1432.39
Gm7665,1367.69,1416.42
Gm16140,1167.2,1103.09
Hivep1,906.47,911.44
Nalcn,902.03,802.81
Tbx3,809.86,695.26
Perp,759.47,658.95
Sema5a,721.4,598.41
Shroom2,672.44,573.07
Cxcr4,391.79,526.6
Rai14,358.31,435.91
Fam57b,71.5,286.39
1110017F19Rik,69.23,225.04
Accn1,3100,131.36
Zcchc13,3100,3100
Tcf12,3100,3100
Tnfrsf19,2125.76,3100
Pdha1,2040.31,3100
Gata3,1651.24,2656.42
Dlgap1,1434.35,1421.25
Fam38b,1285.66,1374.9
A730017C20Rik,1175.53,1256.3
Tmtc4,1132.96,1141.71
Il1rapl1,1129.76,1117.5
Reg3g,1020.26,1079.73
Nebl,869.66,1059.98
Abcd3,863.98,801.79
Ghitm,836.19,770.91
Tasp1,719.17,715.14
1110003E01Rik,645.88,651.82
B3galnt2,633.04,645.35
Slc15a4,581.54,537.03
Fign,569.62,524.43
Mecom,568.71,447
Ptprr,566.75,361.23
Arhgap6,520.13,289.41
Anks1b,464.97,3100
Tpra1,461.43,3100
Sphkap,354.39,3100
Olfr16,267.01,3100
Rpl31,184.78,3100
Rchy1,3100,3100
Tmem161b,3100,3100
Car10,3100,3100
Ankrd50,3100,3100
Nrcam,2647.02,3100
Grik2,2588.52,3100
Gm17731,2453.09,3100
Mat2b,1709.13,2854.32
A330008L17Rik,1303.86,2657.63
8430410K20Rik,1137,2639.1
Wdr20b,1034.53,2446.19
Npffr1,970.95,1674.2
Gm9733,865.78,1498.81
Pawr,848.97,1480.97
Gm17394,801.86,1442.79
4930444P10Rik,787.82,1185.77
Hhat,760.27,1177.15
Tmem53,682.71,1156.09
Efhc2,612.15,1122.64
Rusc2,436.13,1084.04
1700018B24Rik,393.14,990.72
Tox,380.87,944.28
Gm11099,373.44,809.23
Mkln1,368.67,752.34
Rad21,364.74,746.81
9630041A04Rik,342.89,479.28
Phxr4,303.8,467.88
Vwc2,274.98,434.55
Traf3ip1,207.45,433.85
Heca,195.16,3100
Klraq1,3100,3100
Fbxl17,3100,3100
Ndp,3100,3100
Exoc4,3100,3100
Cntn6,3100,3100
Gm10650,2920.46,3100
Gpr6,2630.97,2914.09
Dnahc5,2528.29,2820.91
Gabra2,2338.66,2772.6
3110082D06Rik,2199.47,2532.74
Kcnh8,2082.03,2522.08
Gbe1,2023.35,2292.43
Txnrd1,1805.3,1975.45
Zic4,1612.7,1868.84
Kirrel3,1605.35,1815.98
Kcnh7,1552.82,1757.71
Msx2,1379.61,1480.57
Slc6a1,1372.44,1353.81
Negr1,1265.6,1269.68
Arglu1,1079.25,1258.22
Akap9,881.86,1107.25
Gm8439,871.53,996.99
Zfp608,839.23,988.7
Gpld1,819.3,983.95
Tnfrsf11b,764.63,870.93
Ube2e2,734.82,850.14
Acvr2a,705.43,838.97
Rdh10,656.63,671.07
Ddb2,524.43,650.69
Palm2,524.42,613.55
Zmat4,519.06,603.59
Hdac2,491.68,566.72
1110058L19Rik,480.71,402.31
Ntf3,468.06,394.77
2610019F03Rik,466.29,3100
Prickle2,462.64,3100
Sox6,453.66,3100
Gcc1,437.55,3100
Csrnp3,431.15,3100
Phkb,404.86,3100
Asxl3,392.35,3100
Ccdc90b,273.33,3100
Chrm2,265.56,2832.42
Actrt1,247.01,2781.57
Bmpr1b,241.55,2192.81
Pla2r1,141.43,1873.22
Ccrl1,3100,1595.26
Cyyr1,3100,1575.44
Otx2,3100,1070.32
1700072E05Rik,3100,915.38
Kcnj16,3100,907.85
Fam50b,3100,768.99
Edn2,2597.25,723.53
Gdi2,2342.76,575.54
Pgap1,2208.86,403.41
Pgrmc2,1779.76,363.95
Nsmaf,1775.59,264.86
Ccng2,1633.79,235.08
Lypd1,1532.95,222.06
Fbxl4,1158.17,203.11
Ssh1,1147.75,166.9
Gyg,1142.08,3100
Slc39a11,1041.65,3100
Srgap2,1009.2,3100
Dhx32,856.4,3100
1700112E06Rik,805.09,3100
Hsf2,784.24,3100
Kcna5,673.02,2895.51
Rasl11b,655.41,2683.88
Speer3,624.13,2640.03
Npr3,553.51,2494.31
Rrp15,524.8,2370.31
Pter,515.41,2079.39
Utp18,502.83,2069.34
Hdc,440.47,2058.76
Cdh10,429.06,1883.36
Celf2,402.58,1805.3
Blnk,393.28,1538.87
Syt13,366.15,1466.39
Slc39a10,310.93,1397.4
Olfr1324,290.55,1293.86
Far2,245.74,1278.61
Ube2e3,241.34,1249.49
AI481877,226.71,1141.51
Fat3,202.5,1010.62
1700011F03Rik,192.41,721.52
Ranbp3l,167.07,673.09
Ambp,3190.83,671.51
Hnf4g,3100,624.65
Gm16140,3100,607.99
Tmem28,3100,561.46
Lrrn2,3100,554.18
Cacna2d1,2879.74,346.41
Rasgrf2,2783.11,328.2
Sash1,2746.29,314.6
Was,2741.52,253.57
Gm10530,2598.64,114.77
Rps13-ps1,2267.66,3100
5730522E02Rik,2044.98,3100
Cntnap3,1712.4,3100
Camk2d,1523.99,3100
Zfp609,1514.9,3100
Adamts20,1460.32,3100
Olfr435,1275.53,3100
Cltc,1110.48,3100
Myo10,971.18,3100
Pou1f1,964.07,3100
Adamts9,804.06,2684.99
4933427D14Rik,774.56,2119.58
Agap1,771.21,2063.28
Grm8,715.89,1979.49
Serinc3,635.52,1928.3
2610528E23Rik,596.43,1718.77
Serinc1,570.22,1641.5
Gypa,519.35,1638.06
Gpr141,494.27,1582.08
Fbxw7,424.02,1547.99
Impad1,366.27,1447.94
Gm11353,310.31,1261.78
Gm9966,3100,1175.29
Olfr1370,3100,1110.72
Egflam,3100,1095.21
Zfand5,3100,969.9
Cdh26,2809.8,861.79
Fam110b,2272.35,853.96
Vmn2r96,2261.59,734.16
Sacs,2242.58,642.7
Gli3,2113.17,593.58
Ect2,1992.41,528.45
Akirin2,1892.21,516.69
Cdyl,1824.78,96.61
Dhrs7c,1610.88,3100
Arhgef3,1566.76,3100
Ccdc42,1403.8,3100
Snx19,1307.62,3100
Pnpt1,1169.38,3100
Bod1,1155.82,2985.02
Tmem106b,1134.05,2983.54
Gm9930,846.1,2949.38
Asb5,821.13,2812.71
Chrm2,744.91,2741.72
Dab2,693.17,2174.63
Gm5879,661.99,2156.92
Arhgef3,480.41,2060.63
Kazn,433.07,2030.06
Myc,386,2012.96
Gm10247,354.07,1651.25
Irx3,332.25,1589.61
9530077C05Rik,318.38,1577.76
Spock1,317.51,1516.84
Oc90,287.4,1472.7
Sort1,275.7,1453.44
Sall3,235.93,1447
Bmp8b,192.83,1444.88
Cep170,3196.21,1274.74
Cyp7a1,3100,1265.54
Gm11678,3100,1243.98
Lrba,3100,1217.03
Rgnef,3100,1082.46
Gm15155,2074.13,1060.4
Gm9839,1867.05,947.08
Trmt11,1610.73,900.56
Tmem132c,1454.1,898.7
4931417E11Rik,1410.14,845.01
Lrriq1,1336.88,811.59
Dsel,1318.18,789.14
Pot1a,1236.72,745.79
Lhfpl2,1210.67,717.41
Cd55,1051.12,613.27
Atl2,998.31,537.4
Dtwd2,914.24,480.28
Dtx4,872.96,455.42
Gm6816,685.08,443.09
Mid1,571.26,413.21
4922502B01Rik,565,397.52
Obfc2a,557.08,89.6
Tmem45a,524.8,3100
Plxna4,516.79,3100
Ecd,510.67,3100
Timp3,502.62,3100
L3mbtl3,494.04,3100
Rps6kc1,450.34,3100
D430041D05Rik,432.13,3100
Als2cr12,399.12,3100
Plekhm3,352.28,3100
Pvrl1,328.91,3100
Hace1,182.71,3100
Mkrn1,166.68,3100
Rgs12,162.33,3100
Pcca,124.63,2815.08
Tmcc1,3100,2707.23
Nrp2,3100,2641.79
Gm4066,3100,2461.06
Zfp804a,3100,2261.02
Cblb,3100,2213.7
Dhrs9,3100,1909.4
Csmd3,3100,1904.11
AW209491,3100,1860.37
Lrrk1,3100,1860.26
Serbp1,2902.57,1650.12
Pcdh18,2744.32,1580.63
Lrrc49,1741.33,1544.55
Psat1,1551.87,1472.76
Vmn2r99,1520.61,1408.73
Kcnip4,1392.26,1174.55
Dlgap1,1302.21,1126.18
Srd5a1,1051.2,1038.02
Cep152,1037.48,978.89
Golph3,990.92,903.53
Fam101b,990.52,874.94
Dnaja2,804.94,805.09
Gm8910,687.31,801.51
Gdap1l1,653.97,683.56
Tctex1d1,565.4,649.58
Ppargc1a,542.91,530.86
Otx2,492.25,479.66
Kcnma1,471.58,462.21
Kcns2,459.52,274.12
Gm5506,443.06,3126.49
Lypd6b,417.3,3100
1700001L05Rik,406.12,3100
Gatsl2,400.19,3100
Mgat4c,378.62,3100
Pgr15l,329.02,3100
Adamts9,324.44,3100
App,283.36,3100
Zpld1,272.18,2905.54
Dennd1a,270.58,2779.85
Gucy2g,261.13,2647.25
Vmn2r88,222.84,2604.94
Bcl7c,195.3,2392.08
Cldn22,164.88,2306.33
Nrxn3,3100,2240.16
Ntng1,3100,2160.37
Gm5528,3100,2137.25
Scmh1,3100,2077.08
Cntln,2622.05,1999.17
Cep70,2378.35,1975.55
Clec3a,2090.55,1825.21
Ptpn14,2071.73,1717.12
Cul1,2024.67,1710.28
Kcnc1,1985.34,1653.07
Lce3a,1933.4,1590.95
Rbfox1,1634.79,1590.04
Pde11a,1614.88,1586.06
Fbxl20,1447.65,1491.9
Elmo1,1364.11,1436.12
Agbl1,1249.13,1359.64
Rev1,1116.87,1163.84
Ibtk,1116.64,1046.34
Dhx35,1089.37,969.86
Tas2r134,1009.83,925.18
Gm14862,894.63,889.95
Galntl6,788.49,869.96
Trim32,758.31,843.8
Fbxl14,670.25,741.57
Lypd6b,627.73,739.02
Gabrg2,575.04,631.86
Sall2,573.09,590.95
Gm17507,519.27,550.61
Zdhhc9,506.2,484.01
Foxc1,491.97,408.89
Skap1,472.02,87.02
Plxna2,399.18,3208.61
Pstpip1,323.81,3100
Onecut1,316.55,3100
Slc6a11,289.3,3100
Myh14,227.12,3100
Cd36,218.28,3100
Socs5,206.56,3100
Shroom4,205.47,3100
Fhad1,142.99,3100
Epha6,131.15,3100
Gm8910,3212.16,3100
Trim42,3100,3100
Grm3,3100,3100
Gm8223,2841.15,3100
Sorbs1,2763.9,3100
Gm4392,2354.24,3100
Gm17474,2254.61,2372.72
Lrguk,2232.32,2276.95
Fam86,2048.27,2005.93
Lpin1,1815.12,1917.11
A330070K13Rik,1779.68,1903.48
Thsd7a,1503.6,1849.1
Rapgef4,1338.74,1689.21
Nsun2,1251.57,1287.55
Il1rapl1,1250.26,1135.7
Psen2,1025.44,1130.74
Cpeb2,1018.8,1044.98
Mettl7a1,1002.17,1011.47
Amd2,950.41,964.14
Sv2c,941.67,937.9
Csmd1,905.58,895.81
Fam84b,883.5,773.98
Chmp4b,870.07,769.5
Kcnma1,868.22,751.62
Sorcs1,854.43,555.17
Vstm2a,849.57,538.22
Tfdp2,837.73,465.21
Rad23b,765.4,429.52
Smgc,734.42,372.68
4930584F24Rik,727.64,356.42
Rbm11,671.47,298.54
Dab1,666.23,229.47
1700015F17Rik,635.98,166.88
Amot,599.92,3100
Twsg1,596.58,3100
Rbms1,592.79,3100
Fam86,539.76,3100
Ripk2,525.49,3100
Mtnr1b,506.09,3100
Scnn1b,491.7,3100
Herc2,467.58,2693.08
Zwint,450.16,2544.68
6720489N17Rik,430.47,2539.42
Olfr1337,425.04,2455.41
Unc5d,423.7,2380.35
Akr1cl,399.96,2106.52
Suclg2,387,1998.65
Commd9,353.44,1771.42
Pbk,298.26,1736.98
1810011H11Rik,159.25,1731.93
Edn1,3100,1581.58
Wnt8a,3100,1446.25
Dpp10,3100,1345.47
Fbxl7,3100,1291.18
Olfr554,2847.41,1237.62
Kcnh8,2630.6,1236.97
N4bp2,2461.4,1151.72
Wac,2435.67,1063.23
Sh3gl2,2426.4,1050.58
Svip,2059.47,925.76
Mettl8,1816.11,879.33
Hs3st5,1722.17,862.81
Akr1cl,1557.5,817.57
Npepl1,1330.71,794.78
Sfmbt2,1293.98,782.5
Itih5,1251.05,755.91
Stx18,1177.3,629.11
Gm9008,1060.25,504.95
Wbscr17,909.27,493.44
Hpgds,909.1,480.3
Nmur2,894.72,422.28
A530053G22Rik,848.08,402.07
Htra4,818.94,346.7
4930533L02Rik,808.85,249.88
Cd47,742.7,208.55
Efna5,669.02,3100
1600021P15Rik,640.54,3100
9430031J16Rik,586.97,3100
D18Ertd653e,584.36,3095.2
Tmem167,502.05,2752.44
4930447F04Rik,479.28,2490.7
AW146154,421.13,2083.19
App,420.58,2032.8
Maf,390.93,1944.08
Clcn5,375.59,1728.81
Jph1,371.3,1558.78
Tll1,371.17,1549.8
Zwint,328.04,1503.45
Skor2,280.73,1390.25
2610017I09Rik,253.19,1286.15
Gm10287,247.4,1244.7
Pirt,240.94,1134.77
Cyp17a1,236.01,1110.77
9130014G24Rik,212.63,1037.84
Sema6a,201.94,1035.66
A2ld1,200.99,1032.59
Dtwd1,188.57,988.05
Lrrfip2,165.73,914.66
Pstpip2,163.23,804.54
Tcf12,3100,720.51
Arhgap28,3100,718.61
Pstpip2,3100,640.67
Clybl,3100,611.15
Gm4868,3100,547.9
Cer1,2954.51,534.03
Lhfp,2943.15,492.72
Fam26d,2842.66,454.56
Hsfy2,2815.86,445.6
Tnc,2352.3,398.34
Dpp10,2329.04,259.66
Nkain2,2177.19,3100
Magi1,2143.5,3100
Pfn2,2000.81,3100
Lhfpl2,1624.89,3100
Gm6657,1482.16,3100
Tal1,1170.67,3100
Tgfbr3,1162.73,3100
Gcet2,1156.04,3100
Hhat,1017.73,3100
Slc6a1,907.99,3098.52
Ptbp2,904.87,2149.78
Lrrc51,809.51,2070.8
B930007M17Rik,743.54,1780.29
Olfr138,701.75,1710.53
Gbe1,692.61,1700.63
Rdh10,657.67,1624.08
2410076I21Rik,648.66,1506.67
Cdyl,639.56,1454.94
Igkv1-115,637.72,1418.71
Meis2,631.24,1378.94
Foxn3,606.44,1320.22
Ext1,458.29,1272.57
4930547C10Rik,436.88,1170.95
Gramd1c,394.06,1161.16
Trim71,336.33,1131.66
Itfg3,309.73,1100.64
Meis2,305.58,1006.37
Pan3,238.9,997.74
Smn1,108.53,990.06
Dner,3100,988.06
Psd3,3100,905.21
9430031J16Rik,3100,883.52
Ippk,3100,870.1
Tgif2lx1,3100,686.96
Xkr4,3100,677.98
Zkscan2,3100,677.43
Thbs1,3100,553.79
Nox3,2998.69,516.59
Glra1,2901.43,439.09
Svil,2551.22,426.62
Tmem65,1914.67,373.99
4921528O07Rik,1913.2,362.25
Baz2b,1720.36,249.09
Adrb2,1683.1,3100
Slc26a7,1657.26,3100
Meis2,1408.87,3100
A130050O07Rik,1247.76,3100
Wnt5a,1245.35,3100
Extl3,1219.07,3100
5730522E02Rik,1208.39,3100
Gm16390,1071.04,3100
Cbln2,1029.21,3100
Pdcd10,988.31,3100
Rpl7a-ps5,958.99,3100
Cyp1b1,956.12,3100
Vcam1,931.67,3100
Srsf5,901.87,3100
Ntrk2,892.9,3100
Timd4,871.66,2851.21
Tbca,859.95,2380.88
Brip1,786.35,2332.1
2310046A06Rik,753.13,2203.49
Masp1,728.78,2162.75
Adamts6,681.99,2162.64
Arl4c,675.91,2140.01
Cdh18,488.93,2083.74
Bdh1,409.02,1993.38
Phf3,402.08,1980.72
Fhl1,385.52,1970.12
Specc1l,367.2,1815.98
Incenp,364.77,1812.44
Dfna5,336.78,1737.33
Olfr339,320.68,1721
4933404M02Rik,278.16,1681.36
Gpc4,269.17,1534.53
Gm17316,251.32,1507.18
Prdm4,247.93,1440.87
Ces1a,240.93,1367.06
Fgf14,177.85,1290.37
Rab28,173.99,1270.12
Zfp618,99.57,1267.38
Tnrc6a,97.52,1250.61
Kif26b,3100,1237.04
Maml1,3100,1185.02
Sgpp2,3100,1145.17
1700025G04Rik,3100,1129
1700021A07Rik,3100,1123.01
Shisa6,2402.16,1111.9
Pcdh7,2254.67,1103
Epb4.1l2,1921.88,1095.43
Trdn,1817.92,995.97
Stau2,1767.26,896.35
Zdhhc21,1756.07,827.9
U90926,1730.57,825.62
Plekha5,1676.8,801.06
A1bg,1639.74,787.13
Ttll7,1558.18,771.22
1700017G19Rik,1529.69,711.62
Hand2,1298.22,569.6
St6galnac5,1229.58,544.82
Fam134b,1119.19,447.89
Sp8,1109.1,436.37
AA986860,1072.6,409.6
Slc8a1,1061.38,402.82
4931417E11Rik,970.25,345.94
Grik2,865.57,288.39
Tns3,855.03,281.84
Mtx2,848.27,271.68
Zranb2,846.75,223.45
Hmgb1,831.95,3100
Pcdh10,830.77,3100
Phf14,825.71,3100
D930015E06Rik,823.61,3100
Macrod2,804.25,3100
Amy2a5,774.72,3100
Poll,742.3,3100
4930533L02Rik,713.61,3100
Mmp9,670.27,3100
Fundc1,666.95,3100
Atxn7l3b,657.98,3100
Gm3550,625.94,3100
Ptpla,586.22,3100
Asb18,574.96,2867.85
Wnt7a,574.46,2804.61
Rapgef6,511.68,2448.66
Utp18,440.5,2437.69
Gramd3,410.11,2399.8
4930486L24Rik,401.4,2219.78
Stim2,391.44,2214.14
Trank1,372.42,1936.75
Phyhipl,372.04,1892.37
Txndc5,320.56,1828.18
Mdm4,291.66,1747.46
Gm606,242,1586.35
Gli3,191.93,1576.29
Vstm2b,187.74,1482.02
Ptprg,164.76,1449.77
Tmem108,132.12,1448.31
Frmd7,108.46,1347.05
Kl,94.57,1281.69
Zeb2,3100,1225.73
Gm4868,3100,1223.63
Kcmf1,3100,1150.54
Timp3,3100,1146.58
Cd44,1984.84,1114.29
Gm16833,1952.51,1056.12
C78339,1895.7,943.82
Esrrg,1876.79,893.7
Fggy,1815.59,893.38
Nup35,1757.5,891.29
Myh9,1643.03,838.85
Thsd4,1303.79,804.65
4930546C10Rik,1288.1,702.12
Abat,1286.34,702.08
Tm9sf2,1152.54,665.99
Pfn2,1127.07,538.86
Frmpd4,1056.91,519.83
Ust,916.15,504.73
Cxcr4,912.02,442.4
Arl15,858.13,344.48
Pgap1,851.7,332.77
Grid2,813.81,236.59
Slco6d1,783.02,232.41
1700015F17Rik,708.57,91.83
Vmn1r77,679.92,54.29
1700017G19Rik,675.47,3185.61
Pitpnb,660.58,3128.24
Aldh6a1,653.58,3100
Meis2,649.49,3100
Gch1,642.84,3100
Shroom4,601.31,3100
Pkhd1,570.8,3100
A330008L17Rik,538.26,3100
Lrrc4c,531.23,3100
Ext1,513.42,2856.98
Zfp948,504.14,2796.36
Asb4,481.42,2792.31
Kcnip4,405.41,2326.74
Fgf8,397.97,2246.79
Efhc1,383.13,1981.81
Shisa6,360.4,1928.64
Sema6a,351.33,1793.06
Lama2,347.67,1498.48
Folr4,333.09,1418.14
Ppm1d,323.99,1411.52
Chst1,322.33,1381.31
Gbp2,291.05,1290.93
Chic2,278.18,1286.22
Ptgdr,269.28,1048.86
Ppef2,258.13,1003.59
Ncam1,200.83,902.01
Mob4,186.1,838.57
